Workbook

Sheet Sheet1
A1: Domains | B1: Protein Binding | C1: Homo-oligomer | D1: Catalytic | E1: Other Function
A2: ASD1 | B2: X | C2: X | D2: X | E2: unknown
A3: ASD2 | B3: X | C3: X | D3: X | E3: RNA binding
A4: C2 | B4: O | C4: X | D4: X | E4: mostly lipid binding
A5: Calponin-homology (CH) | B5: O | C5: X | D5: X | E5: actin binding
A6: CRIC | B6: O | C6: X | D6: X | E6: Binds Cdc42 and Rho
A7: DEP | B7: X | C7: X | D7: X | E7: lipid binding
A8: DH | B8: O | C8: X | D8: O | E8: guanine nucleotide exchange
A9: Dilute | B9: O | C9: O | D9: X
A10: DIX | B10: O | C10: O | D10: X
A11: DUF1170 | B11: X | C11: X | D11: X | E11: unknown
A12: FAD-binding FR-type | B12: X | C12: X | D12: O | E12: cofactor binding
A13: FERM | B13: O | C13: X | D13: X | E13: PIP2, basic peptide binding
A14: FH2 | B14: O | C14: X | D14: X | E14: actin binding
A15: FHA | B15: O | C15: X | D15: X | E15: pThr binding
A16: Flavodoxin-like | B16: X | C16: X | D16: X | E16: FMN binding
A17: GoLoco | B17: O | C17: X | D17: X | E17: GDP-bound G-alpha subunit
A18: Guanylate kinase-like | B18: O | C18: X | D18: X
A19: KIND | B19: X | C19: X | D19: X | E19: unknown
A20: L27 | B20: O | C20: X | D20: X
A21: LIM zinc-binding | B21: O | C21: O | D21: X
A22: N-terminal Ras-GEF | B22: O | C22: X | D22: O | E22: guanine nucleotide exchange
A23: PB1 | B23: O | C23: X | D23: X
A24: PDZ | B24: O | C24: X | D24: X
A25: PH | B25: O | C25: X | D25: X | E25: mostly lipid binding
A26: PID | B26: O | C26: X | D26: X | E26: pY binding
A27: Protein kinase | B27: O | C27: X | D27: O
A28: Pseudo-CRIB | B28: O | C28: X | D28: X | E28: Cdc42/Rac binding
A29: RabBD | B29: O | C29: X | D29: X
A30: Rap-GAP | B30: O | C30: X | D30: O | E30: GTPase activating
A31: Ras-associating | B31: O | C31: X | D31: X
A32: Ras-GEF | B32: O | C32: X | D32: O | E32: guanine nucleotide exchange
A33: RBD | B33: O | C33: X | D33: X
A34: RGS | B34: O | C34: X | D34: O | E34: GTP-bound Ga subunit. Catalyze hydrolysis
A35: Rho-GAP | B35: O | C35: X | D35: O | E35: Activate Rho
A36: SAM | B36: O | C36: O | D36: X
A37: SH3 | B37: O | C37: X | D37: X | E37: Pro-rich motifs
A38: WW | B38: O | C38: X | D38: X | E38: Pro-rich motifs
A39: ZU5 | B39: O | C39: X | D39: X

Sheet Sheet2
A1: Domain
A2: ASD1 | B2: =SUMPRODUCT(COUNTIF(Sheet1!A:A,A2)) -> 1
A3: ASD2 | B3: =SUMPRODUCT(COUNTIF(Sheet1!A:A,A3)) -> 1
A4: C2 | B4: =SUMPRODUCT(COUNTIF(Sheet1!A:A,A4)) -> 1
A5: Calponin-homology (CH) | B5: =SUMPRODUCT(COUNTIF(Sheet1!A:A,A5)) -> 1
A6: CRIC | B6: =SUMPRODUCT(COUNTIF(Sheet1!A:A,A6)) -> 1
A7: DEP | B7: =SUMPRODUCT(COUNTIF(Sheet1!A:A,A7)) -> 1
A8: DH | B8: =SUMPRODUCT(COUNTIF(Sheet1!A:A,A8)) -> 1
A9: Dilute | B9: =SUMPRODUCT(COUNTIF(Sheet1!A:A,A9)) -> 1
A10: DIX | B10: =SUMPRODUCT(COUNTIF(Sheet1!A:A,A10)) -> 1
A11: DUF1170 | B11: =SUMPRODUCT(COUNTIF(Sheet1!A:A,A11)) -> 1
A12: FAD-binding FR-type | B12: =SUMPRODUCT(COUNTIF(Sheet1!A:A,A12)) -> 1
A13: FERM | B13: =SUMPRODUCT(COUNTIF(Sheet1!A:A,A13)) -> 1
... A36: ZU5 | B36: =SUMPRODUCT(COUNTIF(Sheet1!A:A,A36)) -> 1

Sheet Sheet3
